start_time,window_name,elapsed_time,gpu0_energy,num_in_tokens,num_out_tokens,first_token_time,finished_time
1751087418.0086367,humanevalplus_batch_0,348.92414116859436,102391.82700002193,503500,220100,8.099565982818604,348.9215683937073
1751088939.4948974,mbpp_batch_0,815.6504855155945,237085.78600001335,594060,939647,5.610969066619873,815.6421451568604
1751091666.024984,humaneval_batch_0,347.020751953125,101896.64899992943,503500,216027,8.14746904373169,347.01819348335266
1751092784.3379467,codesearchnet-python_batch_0,857.6341898441315,252215.30199992657,1189180,557740,10.050038576126099,857.6285393238068
1751093709.1298811,mbppplus_batch_0,586.6897265911102,170910.76099991798,455760,646012,5.321722030639648,586.6840214729309
