start_time,window_name,elapsed_time,gpu0_energy,num_in_tokens,num_out_tokens,first_token_time,finished_time
1751156964.104282,mbppplus_batch_0,358.8015310764313,102797.40799999237,450860,486697,3.7967629432678223,358.7972843647003
1751158927.6096237,humaneval_batch_0,284.27756810188293,81401.94400000572,506840,271041,6.0282323360443115,284.2753381729126
1751159730.0454087,humanevalplus_batch_0,283.8459177017212,81611.09900000691,506840,275114,6.039675235748291,283.8436985015869
1751160921.7369897,codesearchnet-python_batch_0,585.7791385650635,169941.51000002027,1173760,495023,9.77117395401001,585.775660276413
1751161590.9476838,mbpp_batch_0,533.7589209079742,152025.1820000112,586740,749180,4.690799236297607,533.7532644271851
