start_time,window_name,elapsed_time,gpu0_energy,num_in_tokens,num_out_tokens,first_token_time,finished_time
1751108761.3406754,humaneval_batch_0,369.6038579940796,108068.80900001526,503500,214799,6.03872537612915,369.5982897281647
1751109761.7807357,mbpp_batch_0,939.9150538444519,271759.6489999294,594060,926377,7.706050157546997,939.9069068431854
1751112166.6786413,codesearchnet-python_batch_0,927.5822048187256,273217.9349999428,1189180,559078,8.403860807418823,927.5768613815308
1751113162.9603596,mbppplus_batch_0,624.8148221969604,182530.98199999332,455760,599891,4.4266037940979,624.8077576160431
1751115986.79392,humanevalplus_batch_0,356.7527344226837,105148.68700003624,503500,217311,6.011228561401367,356.74944043159485
