start_time,window_name,elapsed_time,gpu0_energy,num_in_tokens,num_out_tokens,first_token_time,finished_time
1751129077.1311197,humaneval_batch_0,133.37649631500244,35173.24500000477,503500,253015,2.618983268737793,133.37458896636963
1751129649.6600935,mbpp_batch_0,415.49143743515015,97591.40200001001,594060,1059587,3.1727890968322754,415.4853596687317
1751131193.9522536,humanevalplus_batch_0,132.96038842201233,34984.61299997568,503500,254293,2.655768632888794,132.9583728313446
1751132110.1334205,mbppplus_batch_0,309.01150012016296,70766.4659999907,455760,751540,2.7261035442352295,309.00723457336426
1751133770.2509563,codesearchnet-python_batch_0,432.6401948928833,114775.09900000691,1189180,906792,4.927245855331421,432.6366753578186
