start_time,window_name,elapsed_time,gpu0_energy,num_in_tokens,num_out_tokens,first_token_time,finished_time
1751156448.6776378,humanevalplus_batch_0,304.1553101539612,87192.03499999642,506840,265006,5.767139196395874,304.1530258655548
1751157597.477619,humaneval_batch_0,301.17843770980835,86412.09900000691,506840,262369,6.209318161010742,301.17612862586975
1751158363.8266485,codesearchnet-python_batch_0,570.8245816230774,165647.3109999895,1173760,382885,10.024417400360107,570.8205471038818
1751159028.5041733,mbpp_batch_0,633.8569619655609,175442.07800000906,586740,792282,4.790720224380493,633.8504686355591
1751162009.241707,mbppplus_batch_0,433.1983938217163,119817.32400000095,450860,520705,3.8658454418182373,433.1935865879059
