start_time,window_name,elapsed_time,gpu0_energy,num_in_tokens,num_out_tokens,first_token_time,finished_time
1751146528.0160778,codesearchnet-python_batch_0,813.89177775383,214266.89100000262,1189180,866635,6.5893144607543945,813.8874928951263
1751147409.1596715,humaneval_batch_0,236.05693817138672,64157.018000006676,503500,265883,4.5442280769348145,236.05419039726257
1751148435.1177459,mbpp_batch_0,702.901326417923,175426.07500001788,594060,1132332,5.369438171386719,702.8944783210754
1751151476.9544175,mbppplus_batch_0,534.2684459686279,127966.48000001907,455760,799146,4.66618800163269,534.2598927021027
1751154196.7398365,humanevalplus_batch_0,247.18244290351868,63699.538000017405,503500,259529,4.146573781967163,247.17982649803162
