start_time,window_name,elapsed_time,gpu0_energy,num_in_tokens,num_out_tokens,first_token_time,finished_time
1751077745.516553,codesearchnet-python_batch_0,897.5606694221497,264115.4099999964,1189180,530648,9.79417896270752,897.5569694042206
1751078712.620579,mbppplus_batch_0,618.6952183246613,180869.3709999919,455760,617196,5.363143682479858,618.6907663345337
1751081104.6465733,humanevalplus_batch_0,366.59252738952637,107605.48800000548,503500,210106,8.203145265579224,366.58973360061646
1751082365.5462506,humaneval_batch_0,364.07207894325256,107106.8899999857,503500,211790,8.201673984527588,364.0700716972351
1751083372.7669277,mbpp_batch_0,870.7949004173279,254810.0829999745,594060,914451,5.767499685287476,870.7885894775391
