start_time,window_name,elapsed_time,gpu0_energy,num_in_tokens,num_out_tokens,first_token_time,finished_time
1751136836.7482378,codesearchnet-python_batch_0,378.2814037799835,105349.22400000691,1189180,820024,4.684123992919922,378.277663230896
1751137283.1880167,humanevalplus_batch_0,131.90455150604248,36477.0530000031,503500,272573,2.4884212017059326,131.90254044532776
1751138224.1029768,mbpp_batch_0,463.75212383270264,119827.76300001144,594060,1339161,3.1801981925964355,463.7457985877991
1751140170.5478961,humaneval_batch_0,131.64742755889893,35959.77200001478,503500,269350,2.555997133255005,131.64536809921265
1751140871.6951966,mbppplus_batch_0,346.7391130924225,90362.76399999857,455760,1002690,2.669221878051758,346.73466420173645
