start_time,window_name,elapsed_time,gpu0_energy,num_in_tokens,num_out_tokens,first_token_time,finished_time
1751155724.7499115,humaneval_batch_0,270.5847215652466,78893.43000000715,506840,265707,4.574079990386963,270.5824885368347
1751156395.461882,humanevalplus_batch_0,265.54078793525696,77252.10800001025,506840,258101,4.642622232437134,265.5386517047882
1751157541.7096255,codesearchnet-python_batch_0,464.42242455482483,135291.40000000596,1167760,350270,7.278657674789429,464.41890120506287
1751158067.9606082,mbppplus_batch_0,410.5029876232147,117908.75600001216,450860,505015,3.1049606800079346,410.4979145526886
1751160435.0507298,mbpp_batch_0,603.1668136119843,173369.13400000334,586740,782392,4.01726222038269,603.1602053642273
