start_time,window_name,elapsed_time,gpu0_energy,num_in_tokens,num_out_tokens,first_token_time,finished_time
1751140301.2968118,mbppplus_batch_0,293.8703157901764,80935.34000000358,455760,859793,2.458859920501709,293.8660800457001
1751141817.3915126,humaneval_batch_0,125.90601086616516,35487.56700000167,503500,271108,2.2550408840179443,125.90355038642883
1751142366.0565739,codesearchnet-python_batch_0,398.42190051078796,111791.12299999595,1189180,878278,4.512275695800781,398.41829204559326
1751142829.995528,humanevalplus_batch_0,128.4192497730255,35852.689999997616,503500,266030,2.2363967895507812,128.41727805137634
1751143885.9010904,mbpp_batch_0,414.06655740737915,114237.72200000286,594060,1226338,2.997061014175415,414.0603051185608
