start_time,window_name,elapsed_time,gpu0_energy,num_in_tokens,num_out_tokens,first_token_time,finished_time
1751119532.7562215,humanevalplus_batch_0,916.7721674442291,254765.00900000334,503500,203257,15.365113019943237,916.7698340415955
1751121383.5438247,mbpp_batch_0,1828.9789867401123,531296.4650000036,594060,947473,9.495004415512085,1828.9726951122284
1751124433.2281199,humaneval_batch_0,722.6784920692444,212137.22900000215,503500,208746,15.346349000930786,722.676308631897
1751125614.4394455,mbppplus_batch_0,1281.4124507904053,376158.37999999523,455760,651132,8.991073608398438,1281.4078915119171
1751128350.0307448,codesearchnet-python_batch_0,1693.7149496078491,500244.59200000763,1189180,514239,17.240290880203247,1693.711228609085
