start_time,window_name,elapsed_time,gpu0_energy,num_in_tokens,num_out_tokens,first_token_time,finished_time
1751156482.2520063,humanevalplus_batch_0,762.7091863155365,207181.13100004196,506840,259448,10.915302276611328,762.7063708305359
1751158338.897302,codesearchnet-python_batch_0,1051.3308334350586,308320.5369999409,1167760,366132,16.4456467628479,1051.3256702423096
1751159459.9311495,humaneval_batch_0,577.0788421630859,168024.97599995136,506840,271223,10.529862403869629,577.0755252838135
1751160806.7544289,mbppplus_batch_0,760.9998733997345,220127.45300006866,450860,497192,6.142755746841431,760.9887676239014
1751163875.3368394,mbpp_batch_0,1115.4138813018799,321582.4730000496,586740,756165,7.026060104370117,1115.405285358429
