start_time,window_name,elapsed_time,gpu0_energy,num_in_tokens,num_out_tokens,first_token_time,finished_time
1751185648.2331378,humaneval_batch_0,120.24687886238098,31475.54699999094,505080,234744,6.042648077011108,120.24507904052734
1751186194.4810464,mbppplus_batch_0,148.6858696937561,39792.01399999857,448680,442126,3.0116453170776367,148.68198204040527
1751187773.7329798,codesearchnet-python_batch_0,775.7463393211365,207586.28499999642,1146480,1903950,4.618131160736084,775.7428960800171
1751188617.3457925,humanevalplus_batch_0,116.9695634841919,31563.149000018835,505080,235697,2.673614263534546,116.9675862789154
1751189866.791837,mbpp_batch_0,222.2005319595337,59111.907000005245,583700,669747,3.7765018939971924,222.19493341445923
