start_time,window_name,elapsed_time,gpu0_energy,num_in_tokens,num_out_tokens,first_token_time,finished_time
1751158025.4792082,mbppplus_batch_0,495.13566064834595,143145.0640000105,448680,444458,7.593820571899414,495.1315233707428
1751160326.6686566,humaneval_batch_0,366.73713850975037,107592.29199999571,505080,192464,3.3100359439849854,366.735036611557
1751161263.0498912,humanevalplus_batch_0,365.3339123725891,107101.47800001502,505080,191407,3.023129940032959,365.3315212726593
1751162658.6264713,codesearchnet-python_batch_0,1361.8396985530853,397884.00600001216,1146480,1125282,5.835564374923706,1361.8356177806854
1751164105.341958,mbpp_batch_0,710.4077723026276,207103.39599999785,583700,672512,4.496561527252197,710.4018476009369
