start_time,window_name,elapsed_time,gpu0_energy,num_in_tokens,num_out_tokens,first_token_time,finished_time
1751168951.4707882,codesearchnet-python_batch_0,648.1930284500122,181419.99900001287,1146480,1701261,4.8721277713775635,648.1890728473663
1751169666.7093215,mbppplus_batch_0,135.23977732658386,36760.62999999523,448680,441008,2.9077272415161133,135.2364537715912
1751171370.354533,humaneval_batch_0,100.8647792339325,27842.756999999285,505080,233487,2.1203010082244873,100.86279702186584
1751172081.519875,mbpp_batch_0,204.7731716632843,55800.697999984026,583700,678457,3.694549083709717,204.76817560195923
1751173823.5788107,humanevalplus_batch_0,101.32211327552795,28098.587000012398,505080,231795,2.2388176918029785,101.31998062133789
