start_time,window_name,elapsed_time,gpu0_energy,num_in_tokens,num_out_tokens,first_token_time,finished_time
1753437413.5319026,batch_0_mns128_max-toks512_n20,266.15307331085205,66268.49500000477,583700,663507,4.16854190826416,266.146507024765
1753438585.612152,batch_0_mns128_max-toks512_n20,125.02179861068726,33703.22200000286,505080,233312,3.5384960174560547,125.0193133354187
1753439061.6639237,batch_0_mns128_max-toks512_n20,125.91567730903625,33894.744999974966,505080,233935,4.0899107456207275,125.9132137298584
1753439771.2972078,batch_0_mns128_max-toks512_n20,203.73345232009888,47001.38899999857,448680,434735,4.7910284996032715,203.72365736961365
1753441027.1882436,batch_0_mns128_max-toks512_n20,889.4000415802002,237586.68000000715,1146480,1945767,6.938294410705566,889.3955419063568
