start_time,window_name,elapsed_time,gpu0_energy,num_in_tokens,num_out_tokens,first_token_time,finished_time
1751657377.0926397,humaneval_batch_0,378.89962434768677,111500.0,505080,234676,6.5955164432525635,378.8975365161896
1751658138.3804884,mbppplus_batch_0,498.8350872993469,146151.3330000043,448680,446978,5.103660821914673,498.83034014701843
1751660093.209303,humanevalplus_batch_0,366.7627830505371,107835.20199999213,505080,226556,6.704699754714966,366.760782957077
1751661367.042496,mbpp_batch_0,727.0098655223846,212824.06000000238,583700,687327,5.799916982650757,727.004035949707
1751663166.0737164,codesearchnet-python_batch_0,1792.0548963546753,527089.5870000124,1146480,1258281,9.559143543243408,1792.0506436824799
