start_time,window_name,elapsed_time,gpu0_energy,num_in_tokens,num_out_tokens,first_token_time,finished_time
1751206451.5354548,mbpp_batch_0,866.2563471794128,186265.73199999332,568700,871093,5.707998037338257,866.247978925705
1751209576.4790885,codesearchnet-python_batch_0,359.5833296775818,86664.59599995613,1472600,249404,11.162416219711304,359.578715801239
1751210003.3356183,mbppplus_batch_0,590.6412296295166,127135.7199999094,437580,569931,4.100257635116577,590.6335556507111
1751214144.8989172,humaneval_batch_0,287.8916766643524,66636.43299996853,488760,274294,4.523522853851318,287.88862228393555
1751215805.6332345,humanevalplus_batch_0,295.9028871059418,65397.9659999609,488760,276738,4.678732395172119,295.89952778816223
