start_time,window_name,elapsed_time,gpu0_energy,num_in_tokens,num_out_tokens,first_token_time,finished_time
1751201779.0062985,humaneval_batch_0,229.76833939552307,46338.63600000739,488760,280333,2.7842984199523926,229.76605796813965
1751202456.155972,codesearchnet-python_batch_0,209.1749348640442,47374.860000014305,1472600,201472,7.5299108028411865,209.1713352203369
1751202728.7556138,humanevalplus_batch_0,207.33648681640625,42982.085000008345,488760,270881,2.744476079940796,207.33421349525452
1751203942.132457,mbpp_batch_0,622.8498964309692,122400.2460000217,568700,829672,3.762425184249878,622.843198299408
1751206249.593434,mbppplus_batch_0,420.0815477371216,82901.34599998593,437580,557904,3.5096702575683594,420.0773215293884
