start_time,window_name,elapsed_time,gpu0_energy,num_in_tokens,num_out_tokens,first_token_time,finished_time
1751163615.1634169,humaneval_batch_0,298.2461414337158,86903.9429999888,505080,194508,3.1175172328948975,298.24406695365906
1751164410.0008771,mbpp_batch_0,571.7740454673767,166583.18400001526,583700,672210,4.28053617477417,571.7684960365295
1751166223.6268618,humanevalplus_batch_0,297.86531591415405,87017.41499999166,505080,200270,2.767650842666626,297.86325788497925
1751167450.1475656,mbppplus_batch_0,403.5611274242401,117171.69099998474,448680,443189,3.591402769088745,403.55685782432556
1751169505.9093666,codesearchnet-python_batch_0,1449.3726444244385,419355.69099998474,1146480,1800108,5.611482381820679,1449.368748664856
