start_time,window_name,elapsed_time,gpu0_energy,num_in_tokens,num_out_tokens,first_token_time,finished_time
1751157502.2162778,mbpp_batch_0,1643.4568119049072,454750.6819999218,583700,685229,5.753352642059326,1643.4455325603485
1751160971.6250472,humaneval_batch_0,729.6816012859344,212566.48999989033,505080,212174,6.336376667022705,729.6786797046661
1751162447.8729312,codesearchnet-python_batch_0,2681.5159418582916,780863.3590000868,1146480,1278629,7.449339151382446,2681.5099108219147
1751165198.3383842,mbppplus_batch_0,1027.4477818012238,296082.871999979,448680,462114,4.78439998626709,1027.4367191791534
1751169559.6625786,humanevalplus_batch_0,727.5109643936157,213466.48000001907,505080,216010,4.0763068199157715,727.5071444511414
