start_time,window_name,elapsed_time,gpu0_energy,num_in_tokens,num_out_tokens,first_token_time,finished_time
1751175791.445915,codesearchnet-python_batch_0,1380.444818019867,363888.4959999323,1146480,2039803,5.792408466339111,1380.4396297931671
1751177240.931957,humanevalplus_batch_0,192.79543375968933,53257.636999964714,505080,229239,2.6652534008026123,192.79304552078247
1751178575.719915,humaneval_batch_0,197.8655138015747,53756.30900001526,505080,229790,2.7551565170288086,197.86189484596252
1751179503.283013,mbppplus_batch_0,259.81764698028564,69249.85399997234,448680,436836,3.474600315093994,259.81092047691345
1751181731.6098824,mbpp_batch_0,371.62724685668945,100309.38900005817,583700,664812,4.068292617797852,371.61910128593445
