start_time,window_name,elapsed_time,gpu0_energy,num_in_tokens,num_out_tokens,first_token_time,finished_time
1751218530.9527752,humaneval_batch_0,784.5863461494446,185033.2539999485,506840,1679360,3.4151952266693115,784.5837607383728
1751220002.8082185,mbppplus_batch_0,1663.92103099823,393914.62300002575,450860,3870720,2.5243239402770996,1663.9175961017609
1751223169.6285603,mbpp_batch_0,2205.1954703330994,512444.50900006294,586740,5120000,3.5312671661376953,2205.1893031597137
1751227506.4685442,codesearchnet-python_batch_0,1489.4776141643524,374116.7570000887,1149760,3072000,6.409135580062866,1489.4721796512604
1751229061.92622,humanevalplus_batch_0,797.4687328338623,195209.44900000095,506840,1679360,3.4030654430389404,797.4662919044495
