start_time,window_name,elapsed_time,gpu0_energy,num_in_tokens,num_out_tokens,first_token_time,finished_time
1751081477.1678782,humanevalplus_batch_0,267.05920124053955,77813.51800000668,506840,288840,5.623314380645752,267.0580174922943
1751082576.427611,codesearchnet-python_batch_0,562.8213906288147,163691.85799998045,1173760,493622,7.569123268127441,562.8168821334839
1751083205.3024735,humaneval_batch_0,268.94404339790344,78088.09499999881,506840,286449,5.605207204818726,268.94200229644775
1751084163.3499606,mbppplus_batch_0,329.1586289405823,94273.7880000174,450860,476744,3.782057046890259,329.15449380874634
1751086565.9349701,mbpp_batch_0,467.6400578022003,134657.58399999142,586740,717037,4.656846523284912,467.63491129875183
