start_time,window_name,elapsed_time,gpu0_energy,num_in_tokens,num_out_tokens,first_token_time,finished_time
1751030975.553284,mbpp_batch_0,1117.4014911651611,312593.82400000095,586740,700624,7.018868923187256,1117.3950374126434
1751033962.9615166,codesearchnet-python_batch_0,1024.3050408363342,299068.74899995327,1167760,363320,13.466821908950806,1024.3002436161041
1751035065.4883232,humanevalplus_batch_0,527.3047947883606,152936.25099992752,506840,244220,10.52364706993103,527.3021659851074
1751037174.605529,humaneval_batch_0,522.2043449878693,151449.35300004482,506840,240460,10.454293251037598,522.2014830112457
1751038936.7241044,mbppplus_batch_0,672.1387188434601,192075.317999959,450860,445000,6.695080757141113,672.1286287307739
