start_time,window_name,elapsed_time,gpu0_energy,num_in_tokens,num_out_tokens,first_token_time,finished_time
1751030839.3956032,humanevalplus_batch_0,325.33493423461914,95806.49400001764,503500,214794,5.835581302642822,325.3332579135895
1751031965.0156212,mbpp_batch_0,1081.1520535945892,316421.1100000143,594060,1249243,4.883085489273071,1081.1470394134521
1751034347.2859714,codesearchnet-python_batch_0,863.1671566963196,253862.49000000954,1189180,564395,7.885006666183472,863.163791179657
1751035293.072406,mbppplus_batch_0,739.8897807598114,216523.03100001812,455760,846842,4.410365104675293,739.88627409935
1751038702.0715096,humaneval_batch_0,325.7898428440094,95754.22099998593,503500,214800,5.8952317237854,325.7880275249481
