start_time,window_name,elapsed_time,gpu0_energy,num_in_tokens,num_out_tokens,first_token_time,finished_time
1751081479.4194567,humanevalplus_batch_0,279.75672459602356,81430.99900001287,506840,263944,5.786381244659424,279.7549421787262
1751082596.5856483,mbppplus_batch_0,339.9172546863556,97970.27499997616,450860,463600,4.226039886474609,339.91362595558167
1751084551.435675,codesearchnet-python_batch_0,540.8914337158203,157492.69399997592,1173760,374248,8.234484434127808,540.8882510662079
1751085159.2597136,humaneval_batch_0,281.24056601524353,81600.57300001383,506840,259994,5.774843692779541,281.23869705200195
1751086315.513077,mbpp_batch_0,517.0658254623413,148767.31000000238,586740,750614,4.758653879165649,517.0607571601868
