start_time,window_name,elapsed_time,gpu0_energy,num_in_tokens,num_out_tokens,first_token_time,finished_time
1751031234.7239645,mbpp_batch_0,875.0387282371521,227875.9580000639,594060,1405464,4.187691688537598,875.0309941768646
1751033993.8694646,humanevalplus_batch_0,244.22405362129211,67811.34100008011,503500,314660,4.790040969848633,244.22155094146729
1751035298.0698104,humaneval_batch_0,244.30439519882202,67801.76800000668,503500,314660,4.316702842712402,244.30162906646729
1751036345.9726305,codesearchnet-python_batch_0,671.5451135635376,187668.98599994183,1189180,905542,6.635134220123291,671.540027141571
1751037098.6954508,mbppplus_batch_0,527.9556186199188,143522.18400001526,455760,1003688,3.6134819984436035,527.950615644455
