start_time,window_name,elapsed_time,gpu0_energy,num_in_tokens,num_out_tokens,first_token_time,finished_time
1751030855.514027,humaneval_batch_0,116.45078897476196,33123.57500001788,503500,265874,2.4780166149139404,116.44933652877808
1751031274.8427894,codesearchnet-python_batch_0,365.17334723472595,102897.20399999619,1189180,849618,4.754694700241089,365.1698570251465
1751031710.226984,mbppplus_batch_0,471.90423011779785,130157.22500002384,455760,1583280,2.6816647052764893,471.900976896286
1751033551.0407126,humanevalplus_batch_0,119.70489454269409,33507.57499998808,503500,265874,2.9274966716766357,119.7030520439148
1751034512.5985515,mbpp_batch_0,684.6791212558746,187348.1780000031,594060,2247137,3.1556499004364014,684.6741309165955
