start_time,window_name,elapsed_time,gpu0_energy,num_in_tokens,num_out_tokens,first_token_time,finished_time
1751030780.7438247,mbpp_batch_0,458.98020243644714,120356.29600000381,594060,1407518,3.2746517658233643,458.97527861595154
1751032730.206476,codesearchnet-python_batch_0,415.40662479400635,114426.62299999595,1189180,944805,4.904038906097412,415.40352058410645
1751033218.1084797,humaneval_batch_0,139.99922513961792,38265.08300000429,503500,294208,3.084799289703369,139.99746203422546
1751034225.1086788,humanevalplus_batch_0,140.6819474697113,38088.21699997783,503500,294639,3.153103828430176,140.67992782592773
1751035511.2936323,mbppplus_batch_0,277.9682755470276,72885.32799997926,455760,857717,2.3256707191467285,277.96473383903503
