start_time,window_name,elapsed_time,gpu0_energy,num_in_tokens,num_out_tokens,first_token_time,finished_time
1751030976.338354,mbpp_batch_0,496.8572618961334,140986.21099996567,586740,735388,3.8760015964508057,496.8512284755707
1751033657.6746042,codesearchnet-python_batch_0,438.68604350090027,126945.88300001621,1167760,341544,7.081244468688965,438.68194222450256
1751034163.5808513,humanevalplus_batch_0,248.2742657661438,71355.66200006008,506840,250028,4.4781129360198975,248.27168464660645
1751036036.7286692,humaneval_batch_0,249.29051518440247,71443.00899994373,506840,250376,4.993932485580444,249.28766441345215
1751037512.240424,mbppplus_batch_0,323.22527503967285,91690.17299997807,450860,449504,3.601545810699463,323.2196867465973
