start_time,window_name,elapsed_time,gpu0_energy,num_in_tokens,num_out_tokens,first_token_time,finished_time
1751030758.5892155,mbppplus_batch_0,842.0641407966614,245100.9389999956,455760,1003660,4.896921873092651,842.0608251094818
1751032751.6574802,codesearchnet-python_batch_0,881.5076169967651,258609.173999995,1189180,550930,9.755294561386108,881.504271030426
1751033717.4223106,mbpp_batch_0,1089.4199051856995,316135.5680000037,594060,1287073,5.339745044708252,1089.4141020774841
1751036199.47969,humanevalplus_batch_0,358.0212769508362,105023.7119999975,503500,219665,7.7159507274627686,358.0192651748657
1751037398.6503751,humaneval_batch_0,362.48979020118713,106339.36900000274,503500,220776,7.699506998062134,362.4876618385315
