start_time,window_name,elapsed_time,gpu0_energy,num_in_tokens,num_out_tokens,first_token_time,finished_time
1751031140.6899745,mbpp_batch_0,551.3346393108368,150044.71299993992,594060,1800972,2.8945348262786865,551.3287971019745
1751033324.264776,codesearchnet-python_batch_0,376.8991029262543,105213.21500003338,1189180,892056,5.04061484336853,376.8941149711609
1751033772.7392352,mbppplus_batch_0,386.20098662376404,105861.03700006008,455760,1243316,2.5371510982513428,386.1969735622406
1751037177.5015388,humanevalplus_batch_0,135.81505370140076,37524.32299995422,503500,308496,2.8879730701446533,135.8130886554718
1751038821.0476444,humaneval_batch_0,134.3950297832489,36888.96099996567,503500,301584,2.395414352416992,134.3925814628601
