start_time,window_name,elapsed_time,gpu0_energy,num_in_tokens,num_out_tokens,first_token_time,finished_time
1751030771.550672,humanevalplus_batch_0,320.03841757774353,94051.84900000691,503500,216808,7.686564683914185,320.0368115901947
1751031768.9573915,codesearchnet-python_batch_0,798.6782956123352,234182.17100000381,1189180,584661,9.408385276794434,798.6748261451721
1751032653.4903948,mbpp_batch_0,915.8669123649597,266152.4800000191,594060,1285976,5.6167473793029785,915.8623683452606
1751035096.4369183,humaneval_batch_0,320.1242563724518,93875.76699998975,503500,214958,7.861262321472168,320.1223826408386
1751036007.036025,mbppplus_batch_0,624.6655945777893,181214.8139999807,455760,824466,5.183154106140137,624.6612725257874
