start_time,window_name,elapsed_time,gpu0_energy,num_in_tokens,num_out_tokens,first_token_time,finished_time
1751030891.2606137,humanevalplus_batch_0,817.9587159156799,230321.45699998736,503500,193080,15.267765760421753,817.9567248821259
1751032550.9752276,mbppplus_batch_0,1587.5528841018677,466119.55900001526,455760,1073380,8.593432188034058,1587.5491428375244
1751035594.4714386,codesearchnet-python_batch_0,1646.0705332756042,483248.6819999814,1189180,516686,17.132213354110718,1646.066555738449
1751037323.504663,humaneval_batch_0,648.5371203422546,191756.55899998546,503500,194020,14.802994966506958,648.5353004932404
1751038892.4826527,mbpp_batch_0,2158.0922780036926,636018.3899999857,594060,1487200,9.407617568969727,2158.086680173874
