start_time,window_name,elapsed_time,gpu0_energy,num_in_tokens,num_out_tokens,first_token_time,finished_time
1751146081.0768492,codesearchnet-python_batch_0,332.0804421901703,80559.44900000095,1472600,237428,9.162255764007568,332.07668685913086
1751146501.8219116,mbpp_batch_0,698.3081226348877,167328.50200009346,568700,863003,4.083961486816406,698.3005957603455
1751150280.3294091,humaneval_batch_0,223.9378764629364,52112.88499999046,488760,271033,3.814932346343994,223.93503379821777
1751151609.6982555,mbppplus_batch_0,484.0094299316406,105295.03200006485,437580,550443,3.4426674842834473,484.00369143486023
1751155166.5025425,humanevalplus_batch_0,295.78276658058167,58035.15499997139,488760,269230,5.256572723388672,295.77908420562744
