start_time,window_name,elapsed_time,gpu0_energy,num_in_tokens,num_out_tokens,first_token_time,finished_time
1751094118.3811805,mbppplus_batch_0,407.17982506752014,118637.75899994373,448680,409616,5.189704179763794,407.1748812198639
1751096764.9814737,humanevalplus_batch_0,313.38044261932373,91830.3069999218,505080,186029,6.94920015335083,313.3778278827667
1751098263.253265,codesearchnet-python_batch_0,1983.6737518310547,582645.0970000029,1146480,1315475,10.472028255462646,1983.6690385341644
1751100326.4916205,humaneval_batch_0,320.64238953590393,94037.85300004482,505080,191033,7.03456974029541,320.63984417915344
1751101709.54428,mbpp_batch_0,619.4256844520569,180148.1360000372,583700,642850,6.0202391147613525,619.4184844493866
