start_time,window_name,elapsed_time,gpu0_energy,num_in_tokens,num_out_tokens,first_token_time,finished_time
1751097360.2941089,mbppplus_batch_0,385.99137902259827,112167.10500001907,448680,406179,5.674563884735107,385.9862494468689
1751100145.4541945,codesearchnet-python_batch_0,1850.2587563991547,532569.7339999676,1146480,2433651,12.858107566833496,1850.2545716762543
1751102067.3265276,humanevalplus_batch_0,295.45881748199463,86364.42299997807,505080,187755,8.491374492645264,295.45593881607056
1751103917.1419446,mbpp_batch_0,578.1289341449738,167926.82800006866,583700,644756,6.465985536575317,578.1220376491547
1751107908.941233,humaneval_batch_0,304.7390604019165,88632.74199998379,505080,192506,8.555222034454346,304.736567735672
