start_time,window_name,elapsed_time,gpu0_energy,num_in_tokens,num_out_tokens,first_token_time,finished_time
1751142091.86291,codesearchnet-python_batch_0,182.82067203521729,38130.06500005722,1472600,199224,8.82300853729248,182.8171215057373
1751142341.27103,humanevalplus_batch_0,165.86262893676758,34766.71899998188,488760,277864,3.095801830291748,165.85967350006104
1751144191.950485,mbpp_batch_0,462.88559889793396,91491.53999996185,568700,809188,4.573884725570679,462.8778681755066
1751148156.5830135,mbppplus_batch_0,307.01709485054016,59763.016000032425,437580,536812,3.799823045730591,307.01144528388977
1751151748.2021594,humaneval_batch_0,168.15174102783203,33846.2879999876,488760,280608,3.8761308193206787,168.14975833892822
