start_time,window_name,elapsed_time,gpu0_energy,num_in_tokens,num_out_tokens,first_token_time,finished_time
1751129347.1619883,mbpp_batch_0,224.48250079154968,59353.59700000286,583700,651731,4.29410457611084,224.47624969482422
1751131201.8046536,mbppplus_batch_0,161.1471676826477,40837.669000029564,448680,438106,3.124223470687866,161.14263081550598
1751133055.3032494,codesearchnet-python_batch_0,1015.30517578125,278384.56300008297,1146480,2587180,7.041075706481934,1015.3011734485626
1751134145.0747838,humanevalplus_batch_0,111.74033451080322,30604.141000032425,505080,220005,3.676758289337158,111.73763012886047
1751135756.7895694,humaneval_batch_0,113.90117859840393,30135.047000050545,505080,220145,4.133430480957031,113.89815783500671
