start_time,window_name,elapsed_time,gpu0_energy,num_in_tokens,num_out_tokens,first_token_time,finished_time
1751096239.9749877,mbpp_batch_0,1466.0060305595398,414700.20599997044,583700,628644,10.715416669845581,1465.9993669986725
1751099348.6007032,codesearchnet-python_batch_0,2776.6199560165405,812784.0620000362,1146480,1498328,20.254852771759033,2776.615334510803
1751102196.4059782,humanevalplus_batch_0,665.1094405651093,196584.38400006294,505080,192780,16.201764822006226,665.1063826084137
1751104531.7139347,mbppplus_batch_0,865.9959135055542,254916.05400002003,448680,407140,9.848587036132812,865.9918689727783
1751108987.7209384,humaneval_batch_0,670.6070985794067,197910.62800002098,505080,196660,16.219067811965942,670.604159116745
