start_time,window_name,elapsed_time,gpu0_energy,num_in_tokens,num_out_tokens,first_token_time,finished_time
1751124622.9106207,codesearchnet-python_batch_0,1685.429747581482,460605.32799994946,1146480,2670460,8.832347869873047,1685.424753665924
1751126386.5533478,humanevalplus_batch_0,199.8674681186676,54921.82099997997,505080,219020,5.303735971450806,199.8642499446869
1751128135.3977723,mbppplus_batch_0,260.8058831691742,70407.74100005627,448680,423480,4.721692800521851,260.79925894737244
1751131255.707939,mbpp_batch_0,410.7593858242035,106956.55199992657,583700,645921,5.53156590461731,410.7500808238983
1751134835.578902,humaneval_batch_0,192.14030265808105,53073.75699996948,505080,218160,7.529729843139648,192.13747000694275
