start_time,window_name,elapsed_time,gpu0_energy,num_in_tokens,num_out_tokens,first_token_time,finished_time
1751113430.7494166,mbpp_batch_0,203.20738792419434,54247.19799995422,583700,652248,4.0578999519348145,203.20162510871887
1751115407.8861744,mbppplus_batch_0,135.89374160766602,36127.77199995518,448680,427516,3.3527727127075195,135.88886713981628
1751117278.6404593,humaneval_batch_0,97.41692852973938,26786.929000020027,505080,224704,3.1870791912078857,97.4145975112915
1751118049.409827,codesearchnet-python_batch_0,868.586620092392,242161.1019999981,1146480,2335728,6.132817983627319,868.582545042038
1751119000.213443,humanevalplus_batch_0,96.45935082435608,26504.544999957085,505080,220064,3.2358579635620117,96.45710873603821
