start_time,window_name,elapsed_time,gpu0_energy,num_in_tokens,num_out_tokens,first_token_time,finished_time
1751137010.5861614,mbppplus_batch_0,138.96617603302002,37411.16700002551,448680,419223,3.4121036529541016,138.9629786014557
1751138445.7366014,codesearchnet-python_batch_0,945.3991811275482,266005.8440000117,1146480,2480011,5.740291357040405,945.3966274261475
1751139482.8574238,mbpp_batch_0,203.44494223594666,54513.074000000954,583700,623790,4.282037258148193,203.4400544166565
1751141162.33223,humaneval_batch_0,106.16968250274658,29222.73799997568,505080,226059,3.356285333633423,106.16770339012146
1751141838.4028726,humanevalplus_batch_0,102.95736956596375,28624.888000011444,505080,223375,3.4068212509155273,102.95550513267517
