start_time,window_name,elapsed_time,gpu0_energy,num_in_tokens,num_out_tokens,first_token_time,finished_time
1751096887.3848839,codesearchnet-python_batch_0,1255.5841281414032,368626.66400003433,1146480,960565,12.880941390991211,1255.579959154129
1751098214.361085,humaneval_batch_0,369.99668622016907,109016.81099998951,505080,186889,9.60032844543457,369.9941990375519
1751099755.5036585,humanevalplus_batch_0,359.6397762298584,105563.05199992657,505080,182009,9.517326593399048,359.6370620727539
1751101776.7309268,mbpp_batch_0,691.2062792778015,202034.05200004578,583700,640952,7.123540878295898,691.1995537281036
1751105921.831346,mbppplus_batch_0,478.50301337242126,139245.07799994946,448680,408398,5.965480089187622,478.49754309654236
