start_time,window_name,elapsed_time,gpu0_energy,num_in_tokens,num_out_tokens,first_token_time,finished_time
1751146282.6220853,humaneval_batch_0,716.5547888278961,169325.31300002337,506840,1679360,3.3198184967041016,716.5533268451691
1751147527.9563222,mbpp_batch_0,2025.86887717247,469399.12999999523,586740,5120000,3.5663902759552,2025.8650851249695
1751151172.2017076,mbppplus_batch_0,1538.7312672138214,354136.90200001,450860,3870720,2.639294147491455,1538.727637052536
1751153986.937832,humanevalplus_batch_0,735.4631772041321,171102.30199998617,506840,1679360,3.377385377883911,735.461122751236
1751155463.360075,codesearchnet-python_batch_0,1353.1806905269623,324288.27399998903,1149760,3072000,5.239781141281128,1353.1776912212372
