start_time,window_name,elapsed_time,gpu0_energy,num_in_tokens,num_out_tokens,first_token_time,finished_time
1752797396.597673,batch_0_mns256_max-toks512_n128,28.122403860092163,6773.326999992132,17024,65536,0.28905725479125977,28.121819734573364
1752797447.7864153,batch_0_mns128_max-toks512_n128,29.60092067718506,7021.905000001192,17024,65536,0.22411179542541504,29.600396633148193
