start_time,window_name,elapsed_time,gpu0_energy,num_in_tokens,num_out_tokens,first_token_time,finished_time
1752802762.006087,batch_0_mns256_max-toks512_n128,20.458168268203735,5766.722000002861,17024,65536,0.20736289024353027,20.457855939865112
1752802805.4662638,batch_0_mns128_max-toks512_n128,20.478493452072144,5768.473999977112,17024,65536,0.20624351501464844,20.4781391620636
