start_time,window_name,elapsed_time,gpu0_energy,num_in_tokens,num_out_tokens,first_token_time,finished_time
1752782264.6981804,batch_0_mns256_max-toks512_n128,42.66644263267517,12288.23600000143,17024,65536,0.8593533039093018,42.66591548919678
1752782330.4661398,batch_0_mns128_max-toks512_n128,43.27016305923462,12468.432999998331,17024,65536,0.8659071922302246,43.26961708068848
