start_time,window_name,elapsed_time,gpu0_energy,num_in_tokens,num_out_tokens,first_token_time,finished_time
1752813006.8074744,batch_0_mns256_max-toks512_n128,37.62786674499512,7457.587000012398,17152,65536,0.6906981468200684,37.62749719619751
1752813067.5129972,batch_0_mns128_max-toks512_n128,37.570621967315674,7500.204999983311,17152,65536,0.6869549751281738,37.570271492004395
1752813128.0797255,batch_0_mns64_max-toks512_n128,44.45892405509949,8203.15600001812,17152,65536,0.691727876663208,44.458576679229736
