start_time,window_name,elapsed_time,gpu0_energy,num_in_tokens,num_out_tokens,first_token_time,finished_time
1752779896.6759517,batch_0_mns256_max-toks512_n128,44.877519845962524,12991.423999994993,17024,65536,0.9186265468597412,44.8769257068634
1752779964.6624446,batch_0_mns128_max-toks512_n128,45.49715495109558,13066.197000026703,17024,65536,0.9288113117218018,45.496623516082764
