start_time,window_name,elapsed_time,gpu0_energy,num_in_tokens,num_out_tokens,first_token_time,finished_time
1752824093.721017,batch_0_mns256_max-toks512_n128,44.35036015510559,12889.805000007153,17280,65536,0.9505939483642578,44.3500120639801
1752824161.11625,batch_0_mns128_max-toks512_n128,44.48820352554321,12929.732000052929,17280,65536,0.9454073905944824,44.487874269485474
