start_time,window_name,elapsed_time,gpu0_energy,num_in_tokens,num_out_tokens,first_token_time,finished_time
1751030150.4256022,humaneval,37.002724409103394,11107.966000080109,17024,65536,2.711942672729492,37.00074505805969
1751030298.5686774,humaneval,52.945340156555176,15398.207000017166,25175,83968,2.8053977489471436,52.94452619552612
