start_time,window_name,elapsed_time,gpu0_energy,num_in_tokens,num_out_tokens,first_token_time,finished_time
1752795847.0894806,batch_0_mns256_max-toks512_n128,19.124379634857178,5492.876999974251,17024,65536,1.4873902797698975,19.114232063293457
1752795889.2860885,batch_0_mns128_max-toks512_n128,19.51672673225403,5574.356999993324,17024,65536,1.4956893920898438,19.50559687614441
1752795931.9221418,batch_0_mns64_max-toks512_n128,22.007083654403687,6328.442000001669,17024,65536,0.8043572902679443,22.00111413002014
1752795976.7091117,batch_0_mns32_max-toks512_n128,29.090807914733887,8164.2300000190735,17024,65536,0.4270510673522949,29.08688259124756
1752796028.5425107,batch_0_mns16_max-toks512_n128,52.06750965118408,12396.092999994755,17024,65536,0.24720358848571777,52.065378189086914
1752796103.3685384,batch_0_mns8_max-toks512_n128,99.98534226417542,20261.643000006676,17024,65536,0.14402103424072266,99.98397326469421
1752796226.4578342,batch_0_mns1_max-toks512_n128,966.8699314594269,136387.43099999428,17024,65536,0.06862068176269531,966.8691267967224
1752797216.336426,batch_0_mns256_max-toks256_n128,9.018906116485596,2560.5139999985695,17024,32768,1.5008020401000977,9.01194429397583
1752797248.3084402,batch_0_mns128_max-toks256_n128,9.337460041046143,2602.936999976635,17024,32768,1.5822248458862305,9.330464363098145
