start_time,window_name,elapsed_time,gpu0_energy,num_in_tokens,num_out_tokens,first_token_time,finished_time
1751129051.3011098,mbpp_batch_0,353.1043207645416,85893.91999998689,594060,953048,3.0849554538726807,353.098263502121
1751130453.14452,mbppplus_batch_0,259.3096590042114,61726.16600000858,455760,671063,2.6273868083953857,259.305299282074
1751131923.260857,humanevalplus_batch_0,137.55989599227905,35955.93900001049,503500,264807,3.0025575160980225,137.5579195022583
1751132793.45554,humaneval_batch_0,134.38558173179626,35689.73299998045,503500,265698,3.0489773750305176,134.38370966911316
1751133307.0312564,codesearchnet-python_batch_0,415.7612121105194,112815.8369999826,1189180,889721,4.483211994171143,415.75775241851807
