start_time,window_name,elapsed_time,gpu0_energy,num_in_tokens,num_out_tokens,first_token_time,finished_time
1751136746.2144465,mbppplus_batch_0,291.46384716033936,75919.98400008678,455760,766935,2.7625603675842285,291.4583923816681
1751138745.8511212,humaneval_batch_0,146.62664008140564,39127.416999936104,503500,271188,3.1956682205200195,146.62388944625854
1751139651.4025834,codesearchnet-python_batch_0,416.4710602760315,112833.03700006008,1189180,780109,6.49129843711853,416.46608114242554
1751140169.9346163,mbpp_batch_0,434.833509683609,112300.32099997997,594060,1110118,3.117527484893799,434.8251132965088
1751143161.641945,humanevalplus_batch_0,137.84482741355896,37909.16200006008,503500,269496,2.6479525566101074,137.84196281433105
