start_time,window_name,elapsed_time,gpu0_energy,num_in_tokens,num_out_tokens,first_token_time,finished_time
1751146187.9434402,humanevalplus_batch_0,294.0278744697571,84849.85199999809,506840,278964,4.865715742111206,294.0247058868408
1751147758.4424186,humaneval_batch_0,297.0718960762024,85651.31900000572,506840,278526,4.45343804359436,297.0684986114502
1751148838.0212204,codesearchnet-python_batch_0,492.09715604782104,142894.86199998856,1167760,356578,8.292952299118042,492.09155011177063
1751149418.6209106,mbpp_batch_0,689.8047695159912,195364.8560000658,586740,858424,3.9992313385009766,689.7948036193848
1751152970.8093202,mbppplus_batch_0,485.5529594421387,137885.6439999342,450860,584004,3.5556960105895996,485.54682970046997
