start_time,window_name,elapsed_time,gpu0_energy,num_in_tokens,num_out_tokens,first_token_time,finished_time
1751146164.7201498,humaneval_batch_0,286.08294773101807,82511.97599998116,506840,284695,5.6591408252716064,286.08049154281616
1751146855.715899,mbppplus_batch_0,376.2380635738373,107580.56700000167,450860,518212,3.791347026824951,376.2335047721863
1751148711.8104477,mbpp_batch_0,553.907297372818,157918.34700000286,586740,796236,4.689579725265503,553.9009294509888
1751150477.3624578,codesearchnet-python_batch_0,589.1407155990601,170845.5,1173760,506181,9.82378888130188,589.1370716094971
1751151129.0023642,humanevalplus_batch_0,285.23166155815125,82234.4470000267,506840,282565,6.09583592414856,285.2295048236847
