start_time,window_name,elapsed_time,gpu0_energy,num_in_tokens,num_out_tokens,first_token_time,finished_time
1751086644.122641,humaneval_batch_0,353.20918011665344,103525.72899997234,503500,234588,7.996250152587891,353.20634961128235
1751087731.9976346,codesearchnet-python_batch_0,813.9799785614014,238970.80400002003,1189180,514878,10.45817232131958,813.9754803180695
1751088611.24775,humanevalplus_batch_0,350.53532123565674,102838.78299999237,503500,230148,7.699198007583618,350.532475233078
1751090364.0450938,mbpp_batch_0,744.2876918315887,215663.74399995804,594060,834446,5.557356119155884,744.2797515392303
1751093910.5900922,mbppplus_batch_0,532.8313772678375,154679.80200004578,455760,573399,5.122698068618774,532.8256483078003
