start_time,window_name,elapsed_time,gpu0_energy,num_in_tokens,num_out_tokens,first_token_time,finished_time
1751146175.8142636,humanevalplus_batch_0,322.69937539100647,93666.45000004768,506840,279627,6.0893800258636475,322.69667983055115
1751149322.211142,codesearchnet-python_batch_0,603.93328332901,175819.34200000763,1173760,387922,10.405797004699707,603.9253044128418
1751150017.985079,mbppplus_batch_0,488.35510873794556,139148.8789999485,450860,601463,4.422305345535278,488.3491961956024
1751154112.1499748,humaneval_batch_0,324.137033700943,93508.92199993134,506840,276279,6.204732418060303,324.13412261009216
1751155849.9541068,mbpp_batch_0,706.2944214344025,199487.14600002766,586740,881919,4.773622274398804,706.2847409248352
