start_time,window_name,elapsed_time,gpu0_energy,num_in_tokens,num_out_tokens,first_token_time,finished_time
1751146131.2335098,codesearchnet-python_batch_0,803.9852333068848,211030.16200000048,1189180,839236,6.7078022956848145,803.9810166358948
1751147021.0964167,mbpp_batch_0,651.763111114502,166008.46699997783,594060,1059091,4.002682447433472,651.7572069168091
1751149894.932161,mbppplus_batch_0,458.540664434433,115401.39300000668,455760,728690,3.5738070011138916,458.5360977649689
1751152369.6949277,humanevalplus_batch_0,220.6126503944397,60021.23600000143,503500,251180,4.560781717300415,220.6102364063263
1751153740.9454415,humaneval_batch_0,231.533358335495,62093.167999982834,503500,261612,4.142506837844849,231.53069067001343
