start_time,window_name,elapsed_time,gpu0_energy,num_in_tokens,num_out_tokens,first_token_time,finished_time
1751077519.4642327,mbppplus_batch_0,620.1350357532501,180516.47500002384,455760,580681,4.89827299118042,620.1291251182556
1751080001.3460803,humaneval_batch_0,396.3661308288574,116163.03499996662,503500,229821,9.068753719329834,396.3632616996765
1751081150.0971248,codesearchnet-python_batch_0,929.5220680236816,273476.20999991894,1189180,507757,10.447046518325806,929.5170023441315
1751082168.983263,mbpp_batch_0,869.4363396167755,254233.5080000162,594060,838793,5.9022626876831055,869.4283888339996
1751086192.6747494,humanevalplus_batch_0,394.06463742256165,115734.27199995518,503500,227969,8.48245882987976,394.0619287490845
