start_time,window_name,elapsed_time,gpu0_energy,num_in_tokens,num_out_tokens,first_token_time,finished_time
1751119407.2925763,humanevalplus_batch_0,992.5942964553833,272479.5640000105,503500,226652,16.03116250038147,992.5878713130951
1751121463.7924376,humaneval_batch_0,765.3772275447845,222566.2619999647,503500,225186,15.216788530349731,765.3743340969086
1751122931.823468,mbpp_batch_0,1757.1455810070038,505617.24399995804,594060,839914,9.483026504516602,1757.1280930042267
1751126675.530872,mbppplus_batch_0,1249.51739859581,358966.1179999113,455760,567800,8.643177032470703,1249.5107431411743
1751129969.428441,codesearchnet-python_batch_0,1753.480843782425,512937.25500011444,1189180,501329,18.43848705291748,1753.474943637848
