start_time,window_name,elapsed_time,gpu0_energy,num_in_tokens,num_out_tokens,first_token_time,finished_time
1751108780.1573827,mbpp_batch_0,835.0071671009064,243526.41400000453,594060,850320,4.86512017250061,835.0006010532379
1751110955.6474376,humaneval_batch_0,356.94919753074646,104957.01800000668,503500,235499,6.328482627868652,356.9468324184418
1751111836.93368,codesearchnet-python_batch_0,867.3913807868958,254940.4769999981,1189180,537212,8.365845203399658,867.3875508308411
1751112769.973937,mbppplus_batch_0,587.3226764202118,171677.40200001,455760,588777,4.015522241592407,587.3172631263733
1751115862.996827,humanevalplus_batch_0,355.1016821861267,104471.548999995,503500,232979,5.95953631401062,355.09929037094116
