start_time,window_name,elapsed_time,gpu0_energy,num_in_tokens,num_out_tokens,first_token_time,finished_time
1751146217.841763,humaneval_batch_0,752.1677780151367,203280.65999999642,506840,278999,10.401914596557617,752.1655597686768
1751147396.894822,humanevalplus_batch_0,578.0894298553467,165973.60299998522,506840,278257,10.205645561218262,578.0868718624115
1751148900.8063354,codesearchnet-python_batch_0,1030.2742719650269,302212.8910000026,1167760,370823,15.734418392181396,1030.2705526351929
1751150020.5457487,mbppplus_batch_0,832.7960906028748,238794.9009999931,450860,559751,6.6217262744903564,832.7907376289368
1751153019.5407934,mbpp_batch_0,1177.5162661075592,340928.3930000067,586740,842904,6.992443799972534,1177.5093567371368
