start_time,window_name,elapsed_time,gpu0_energy,num_in_tokens,num_out_tokens,first_token_time,finished_time
1751140271.7258976,humanevalplus_batch_0,124.3677875995636,34931.92699998617,503500,259277,2.2735068798065186,124.36582040786743
1751141144.2840986,humaneval_batch_0,124.54456639289856,34981.99799999595,503500,263707,2.2807774543762207,124.54251313209534
1751141755.8230426,mbpp_batch_0,350.56806564331055,96991.28299999237,594060,1037367,2.995333194732666,350.56234884262085
1751143357.5162258,mbppplus_batch_0,247.83316826820374,68442.00699999928,455760,728114,2.1080667972564697,247.82881903648376
1751145026.5349317,codesearchnet-python_batch_0,388.99154829978943,109793.38700002432,1189180,847094,4.575549602508545,388.98780131340027
