start_time,window_name,elapsed_time,gpu0_energy,num_in_tokens,num_out_tokens,first_token_time,finished_time
1751185228.6299438,mbpp_batch_0,652.1165072917938,188073.3450000286,583700,757630,4.3455963134765625,652.1095058917999
1751187531.3493896,mbppplus_batch_0,451.6827208995819,130205.80799996853,448680,497349,3.630044937133789,451.67650532722473
1751189833.608284,humaneval_batch_0,318.65931367874146,92508.02300000191,505080,210654,3.279452323913574,318.6564185619354
1751190816.405996,humanevalplus_batch_0,321.6156952381134,93182.42699992657,505080,213091,3.479388475418091,321.60943603515625
1751192389.5600967,codesearchnet-python_batch_0,1187.2786092758179,341098.02400004864,1146480,1236004,6.445091247558594,1187.273551940918
