start_time,window_name,elapsed_time,gpu0_energy,num_in_tokens,num_out_tokens,first_token_time,finished_time
1751212061.1295695,humaneval_batch_0,124.29957675933838,33232.60500001907,505080,247627,2.373586893081665,124.2968680858612
1751212960.1315892,codesearchnet-python_batch_0,600.5605592727661,162819.23199999332,1146480,1360178,5.769227981567383,600.5554988384247
1751213650.9546158,mbpp_batch_0,251.4798445701599,64896.39499998093,583700,701598,3.838416337966919,251.47159147262573
1751216461.5792718,humanevalplus_batch_0,133.4271285533905,34567.958000063896,505080,257228,2.7585678100585938,133.42352652549744
