start_time,window_name,elapsed_time,gpu0_energy,num_in_tokens,num_out_tokens,first_token_time,finished_time
1751632412.5554495,mbpp_batch_0,811.3835206031799,237296.77799999714,583700,779638,5.812914848327637,811.3772530555725
1751634190.823011,mbppplus_batch_0,549.4852607250214,160832.74100002646,448680,519042,4.7581822872161865,549.4802253246307
1751635950.383929,codesearchnet-python_batch_0,1583.9228188991547,466269.14599999785,1146480,1098968,9.345856428146362,1583.9186775684357
1751637602.6125164,humanevalplus_batch_0,463.7553758621216,136618.76000002027,505080,309522,6.72778058052063,463.7531898021698
1751639058.5693862,humaneval_batch_0,465.30959367752075,136245.91600000858,505080,306538,6.88372802734375,465.30704855918884
