start_time,window_name,elapsed_time,gpu0_energy,num_in_tokens,num_out_tokens,first_token_time,finished_time
1752586962.4534235,batch_0_mns128_max-toks512_n20,136.73217868804932,34523.61699999869,505080,256069,7.786668062210083,136.72964429855347
1752587777.1901767,batch_0_mns128_max-toks512_n20,126.53910517692566,33561.256999999285,505080,249963,2.942575693130493,126.53659725189209
1752589138.2560506,batch_0_mns128_max-toks512_n20,588.6222450733185,158352.49300000072,1146480,1348484,5.353573799133301,588.6174755096436
1752589845.941097,batch_0_mns128_max-toks512_n20,247.40691757202148,64025.732000008225,583700,693568,3.891820192337036,247.39960074424744
1752592502.0718653,batch_0_mns128_max-toks512_n20,167.93718934059143,43123.69400000572,448680,460191,3.273358106613159,167.93181824684143
