start_time,window_name,elapsed_time,gpu0_energy,num_in_tokens,num_out_tokens,first_token_time,finished_time
1751218335.3849697,codesearchnet-python_batch_0,243.1013000011444,52038.358000040054,1472600,208464,9.650835752487183,243.09663343429565
1751218649.668606,humaneval_batch_0,250.5501184463501,49644.53600001335,488760,281148,3.083827257156372,250.54626846313477
1751220082.4441826,humanevalplus_batch_0,249.30685997009277,48592.94000005722,488760,278880,3.217550039291382,249.30365252494812
1751222044.4755676,mbppplus_batch_0,529.4166820049286,95942.66900002956,437580,580991,5.542942762374878,529.4104292392731
1751225813.9601,mbpp_batch_0,735.4862186908722,137234.5490000248,568700,853805,4.169975996017456,735.472501039505
