start_time,window_name,elapsed_time,gpu0_energy,num_in_tokens,num_out_tokens,first_token_time,finished_time
1751206307.9401052,humanevalplus_batch_0,127.5009880065918,33129.08899998665,505080,249885,6.044130563735962,127.49914073944092
1751207298.1372633,mbppplus_batch_0,159.33056378364563,42016.38799998164,448680,462828,3.0023844242095947,159.3260896205902
1751208912.236612,codesearchnet-python_batch_0,558.9096715450287,153849.27399998903,1146480,1358592,4.977618217468262,558.9062960147858
1751209558.7224212,mbpp_batch_0,231.44469618797302,62427.72499999404,583700,700321,3.7538065910339355,231.4399802684784
1751211304.4530756,humaneval_batch_0,118.45397329330444,32217.180999994278,505080,250019,2.597498655319214,118.45204639434814
