start_time,window_name,elapsed_time,gpu0_energy,num_in_tokens,num_out_tokens,first_token_time,finished_time
1751175689.6741302,mbpp_batch_0,752.6745529174805,218534.05899998546,583700,739435,8.20823359489441,752.6690108776093
1751177603.4863145,codesearchnet-python_batch_0,1226.917234659195,359658.6410000026,1146480,973320,5.614260911941528,1226.9134883880615
1751178894.3076775,mbppplus_batch_0,522.4207091331482,152653.84000000358,448680,489246,3.7379767894744873,522.4161241054535
1751181046.9098368,humaneval_batch_0,372.1471540927887,109417.45899999142,505080,208273,2.8896231651306152,372.1449501514435
1751181957.7558103,humanevalplus_batch_0,367.3019771575928,108008.24099999666,505080,206463,2.9313297271728516,367.2998306751251
