start_time,window_name,elapsed_time,gpu0_energy,num_in_tokens,num_out_tokens,first_token_time,finished_time
1751201785.9031525,codesearchnet-python_batch_0,1024.3820519447327,269745.05400002,1146480,1349601,5.8220953941345215,1024.376484155655
1751202882.8616488,humanevalplus_batch_0,202.91448044776917,55884.30600011349,505080,248000,2.6984379291534424,202.91157817840576
1751204521.5354848,mbppplus_batch_0,279.4932680130005,73811.1439999342,448680,468000,3.385828971862793,279.4867494106293
1751207293.4533288,humaneval_batch_0,203.4388279914856,55411.86500000954,505080,245067,2.8786802291870117,203.4358401298523
1751208526.525732,mbpp_batch_0,399.43106865882874,105156.17299997807,583700,696741,4.439604759216309,399.42093229293823
