start_time,window_name,elapsed_time,gpu0_energy,num_in_tokens,num_out_tokens,first_token_time,finished_time
1751196377.9199328,mbppplus_batch_0,143.6362919807434,39022.07699999213,448680,465260,2.924583673477173,143.63168811798096
1751197684.4826941,codesearchnet-python_batch_0,482.9544804096222,134839.73699998856,1146480,1245985,4.907502174377441,482.95086312294006
1751198235.001771,humaneval_batch_0,111.72976779937744,31039.425999999046,505080,257245,2.5162084102630615,111.72782230377197
1751198907.4395132,mbpp_batch_0,215.2686173915863,58747.73399999738,583700,707686,3.6242165565490723,215.26269674301147
1751200566.3172922,humanevalplus_batch_0,109.81875562667847,30422.3560000062,505080,251351,2.2036805152893066,109.81678104400635
