start_time,window_name,elapsed_time,gpu0_energy,num_in_tokens,num_out_tokens,first_token_time,finished_time
1751224238.4334939,codesearchnet-python_batch_0,364.7822427749634,86063.23600000143,1472600,266592,9.22024416923523,364.778888463974
1751224687.7625535,mbpp_batch_0,858.2563228607178,185463.76399999857,568700,912151,3.9573488235473633,858.2504873275757
1751227162.413285,humaneval_batch_0,291.75667357444763,63621.09800001979,488760,287179,3.504730463027954,291.7545566558838
1751228004.3310475,mbppplus_batch_0,577.7997682094574,124364.89800000191,437580,601616,3.3414382934570312,577.7951273918152
1751230349.721308,humanevalplus_batch_0,289.25909757614136,62968.13499999046,488760,283069,3.5396475791931152,289.2569122314453
