start_time,window_name,elapsed_time,gpu0_energy,num_in_tokens,num_out_tokens,first_token_time,finished_time
1751168844.4984035,mbppplus_batch_0,1215.8491451740265,340475.72499999404,448680,533350,4.716760158538818,1215.8443841934204
1751171244.3732152,humanevalplus_batch_0,756.0555944442749,220314.14100000262,505080,247592,4.266712665557861,756.0532841682434
1751172808.3630784,codesearchnet-python_batch_0,2309.810878276825,678529.2380000055,1146480,1081610,6.719237327575684,2309.8064937591553
1751175191.3673055,humaneval_batch_0,745.1708791255951,217876.57300001383,505080,242496,4.135474443435669,745.1683781147003
1751176445.7592485,mbpp_batch_0,1473.6920313835144,430720.4739999771,583700,783105,5.279963731765747,1473.6849083900452
