start_time,window_name,elapsed_time,gpu0_energy,num_in_tokens,num_out_tokens,first_token_time,finished_time
1751277799.787613,codesearchnet-python_batch_0,1362.5933752059937,336070.78600001335,1149760,3072000,5.873169183731079,1362.5890262126923
1751279451.9715712,humaneval_batch_0,731.2344043254852,175138.69500002265,506840,1679360,3.2746522426605225,731.2327361106873
1751280993.9083514,mbpp_batch_0,2026.8766343593597,482952.03600001335,586740,5120000,3.52042293548584,2026.8728771209717
