start_time,window_name,elapsed_time,gpu0_energy,num_in_tokens,num_out_tokens,first_token_time,finished_time
1751972174.5808523,batch_0_mns128_max-toks512_n128,91.6235089302063,27094.35300000012,17024,65536,5.380015850067139,91.62268781661987
1751972289.253738,batch_0_mns64_max-toks512_n128,162.78870820999146,48404.7920000013,17024,65536,2.879848003387451,162.7879765033722
1751972476.9907317,batch_0_mns32_max-toks512_n128,311.2171323299408,92958.87900000066,17024,65536,1.5453102588653564,311.21649980545044
