start_time,window_name,elapsed_time,gpu0_energy,num_in_tokens,num_out_tokens,first_token_time,finished_time
1752795648.0502415,batch_0_mns256_max-toks512_n128,22.707725286483765,6225.011000007391,17024,65536,1.4854521751403809,22.707074642181396
1752795693.9222338,batch_0_mns128_max-toks512_n128,22.868809938430786,6308.969999998808,17024,65536,1.494600534439087,22.868010997772217
