start_time,window_name,elapsed_time,gpu0_energy,num_in_tokens,num_out_tokens,first_token_time,finished_time
1752812722.7863753,batch_0_mns256_max-toks512_n128,36.96006536483765,7413.151000022888,17152,65536,5.154415607452393,36.95951223373413
1752812782.7255206,batch_0_mns128_max-toks512_n128,37.704535484313965,7478.681999981403,17152,65536,5.089856147766113,37.70396161079407
1752812843.464857,batch_0_mns64_max-toks512_n128,44.41116285324097,8171.092000007629,17152,65536,2.6958000659942627,44.41071438789368
