start_time,window_name,elapsed_time,gpu0_energy,num_in_tokens,num_out_tokens,first_token_time,finished_time
1752801399.3154972,batch_0_mns256_max-toks512_n128,20.104955196380615,5660.282999992371,17024,65536,1.3504791259765625,20.104408740997314
1752801442.4792137,batch_0_mns128_max-toks512_n128,20.25774121284485,5698.412000000477,17024,65536,1.346688985824585,20.257171869277954
